{"textures":{"0":"minecraft:model_textures/pkw/props_pkw_2","particle":"minecraft:model_textures/pkw/props_pkw_2"},"display":{"thirdperson_righthand":{"translation":[0.0,1.0,-1.0],"rotation":[63.0,34.0,0.0],"scale":[0.37891,0.37891,0.37891]},"thirdperson_lefthand":{"translation":[0.0,1.0,-1.0],"rotation":[63.0,34.0,0.0],"scale":[0.37891,0.37891,0.37891]},"firstperson_righthand":{"translation":[9.5,0.0,-5.75],"rotation":[3.0,112.0,-13.0],"scale":[0.35547,0.35547,0.35547]},"firstperson_lefthand":{"translation":[9.5,0.0,-5.75],"rotation":[3.0,112.0,-13.0],"scale":[0.35547,0.35547,0.35547]},"ground":{"translation":[0.0,4.25,0.0],"scale":[0.28906,0.28906,0.28906]},"gui":{"translation":[-0.25,-2.5,0.0],"rotation":[30.0,-158.0,0.0],"scale":[0.23594,0.23594,0.23594]},"head":{"translation":[0.0,-12.1,-1.75],"scale":[3.39648,3.39648,3.39648]},"fixed":{"translation":[0.0,-3.25,-7.5]}},"credit":"Made with Blockbench","texture_size":[128.0,128.0],"elements":[{"from":[2.5816,24.5752,10.162],"to":[13.4184,26.3048,11.8916],"rotation":{"angle":0.0,"axis":"y","origin":[-0.4184,0.0,4.5408]},"faces":{"north":{"uv":[0.0,5.875,3.25,6.375],"texture":"#0"},"east":{"uv":[0.0,4.875,0.5,5.375],"texture":"#0"},"south":{"uv":[0.0,5.875,3.25,6.375],"texture":"#0"},"west":{"uv":[0.0,4.875,0.5,5.375],"texture":"#0"},"up":{"uv":[0.0,5.375,3.25,5.875],"texture":"#0"},"down":{"uv":[0.5,4.875,3.75,5.375],"texture":"#0"}}},{"from":[4.1084,26.3048,11.0268],"to":[11.8916,31.0612,11.0268],"rotation":{"angle":0.0,"axis":"y","origin":[1.0816,0.0,4.5408]},"faces":{"north":{"uv":[1.5,3.5,3.75,4.875],"texture":"#0"},"east":{"uv":[0.0,4.875,0.5,5.375],"texture":"#0"},"south":{"uv":[1.625,3.5,3.625,4.875],"texture":"#0"},"west":{"uv":[0.0,4.875,0.5,5.375],"texture":"#0"},"up":{"uv":[0.0,5.375,4.0,5.875],"texture":"#0"},"down":{"uv":[0.5,4.875,4.5,5.375],"texture":"#0"}}},{"from":[4.1084,-13.4556,11.0268],"to":[11.8916,-8.6992,11.0268],"rotation":{"angle":0.0,"axis":"y","origin":[1.0816,0.0,4.5408]},"faces":{"north":{"uv":[3.875,3.5,6.125,4.875],"texture":"#0"},"east":{"uv":[0.0,4.875,0.5,5.375],"texture":"#0"},"south":{"uv":[6.125,3.5,3.875,4.875],"texture":"#0"},"west":{"uv":[0.0,4.875,0.5,5.375],"texture":"#0"},"up":{"uv":[0.0,5.375,4.0,5.875],"texture":"#0"},"down":{"uv":[0.5,4.875,4.5,5.375],"texture":"#0"}}},{"from":[2.5816,-8.7196,11.0268],"to":[13.4184,24.6224,11.0268],"rotation":{"angle":0.0,"axis":"y","origin":[-0.4184,0.0,4.5408]},"faces":{"north":{"uv":[3.375,6.375,6.625,16.0],"texture":"#0"},"east":{"uv":[0.0,0.0,0.125,0.125],"texture":"#missing"},"south":{"uv":[3.375,6.375,6.625,16.0],"texture":"#0"},"west":{"uv":[0.0,0.0,0.125,0.125],"texture":"#missing"},"up":{"uv":[0.0,0.0,0.125,0.125],"texture":"#missing"},"down":{"uv":[0.0,0.0,0.125,0.125],"texture":"#missing"}}}]}