{"textures":{"0":"block/oak_leaves_model","particle":"block/oak_leaves_model"},"elements":[{"from":[0.0,0.0,0.0],"to":[16.0,16.0,16.0],"faces":{"north":{"uv":[0.25,0.25,4.25,4.25],"texture":"#0"},"east":{"uv":[0.25,0.25,4.25,4.25],"texture":"#0"},"south":{"uv":[0.25,0.25,4.25,4.25],"texture":"#0"},"west":{"uv":[0.25,0.25,4.25,4.25],"texture":"#0"},"up":{"uv":[0.25,0.25,4.25,4.25],"texture":"#0"},"down":{"uv":[0.25,0.25,4.25,4.25],"texture":"#0"}}},{"from":[-4.39288,-3.0,8.07978],"to":[22.10712,19.0,8.07978],"rotation":{"angle":22.5,"axis":"y","origin":[7.73212,8.0,8.01728]},"faces":{"north":{"uv":[0.25,4.5,7.375,10.0],"texture":"#0"},"east":{"uv":[0.25,0.25,4.25,4.25],"texture":"#0"},"south":{"uv":[7.375,4.5,0.25,10.0],"texture":"#0"},"west":{"uv":[0.25,0.25,4.25,4.25],"texture":"#0"},"up":{"uv":[0.25,0.25,4.25,4.25],"texture":"#0"},"down":{"uv":[0.25,0.25,4.25,4.25],"texture":"#0"}}},{"from":[7.60712,-3.0,-5.17022],"to":[7.60712,19.0,21.07978],"rotation":{"angle":22.5,"axis":"y","origin":[7.73212,8.0,8.01728]},"faces":{"north":{"uv":[0.25,0.25,4.25,4.25],"texture":"#0"},"east":{"uv":[0.25,4.5,7.375,10.0],"texture":"#0"},"south":{"uv":[0.25,0.25,4.25,4.25],"texture":"#0"},"west":{"uv":[7.375,4.5,0.25,10.0],"texture":"#0"},"up":{"uv":[0.25,0.25,4.25,4.25],"texture":"#0","rotation":90},"down":{"uv":[0.25,0.25,4.25,4.25],"texture":"#0","rotation":270}}}],"display":{"thirdperson_righthand":{"translation":[0.0,1.0,-1.0],"rotation":[63.0,34.0,0.0],"scale":[0.24609,0.24609,0.24609]},"thirdperson_lefthand":{"translation":[0.0,1.0,-1.0],"rotation":[63.0,34.0,0.0],"scale":[0.24609,0.24609,0.24609]},"firstperson_righthand":{"translation":[9.5,0.0,-5.75],"rotation":[3.0,112.0,-13.0],"scale":[0.22461,0.22461,0.22461]},"firstperson_lefthand":{"translation":[9.5,0.0,-5.75],"rotation":[3.0,112.0,-13.0],"scale":[0.22461,0.22461,0.22461]},"ground":{"translation":[0.0,4.25,0.0],"scale":[0.1875,0.1875,0.1875]},"gui":{"translation":[0.25,0.0,0.0],"rotation":[30.0,-158.0,0.0],"scale":[0.29258,0.29258,0.29258]},"head":{"translation":[0.0,-30.5,0.0],"scale":[1.6,1.6,1.6]}}}