{
	"credit": "Made with Blockbench",
	"texture_size": [128, 128],
	"textures": {
		"0": "model_textures/hub/tiki1",
		"particle": "mcc:shared_lobby/event/tiki1"
	},
	"elements": [
		{
			"from": [7, -16, 7],
			"to": [9, 18, 9],
			"faces": {
				"north": {"uv": [4.5, 10.125, 4.75, 14.375], "texture": "#0"},
				"east": {"uv": [4.75, 10.125, 4.5, 14.375], "texture": "#0"},
				"south": {"uv": [4.5, 10.125, 4.75, 14.375], "texture": "#0"},
				"west": {"uv": [4.75, 10.125, 4.5, 14.375], "texture": "#0"},
				"up": {"uv": [5.25, 10.625, 5.5, 10.875], "texture": "#0"},
				"down": {"uv": [5.25, 10.625, 5.5, 10.875], "texture": "#0"}
			}
		},
		{
			"from": [6, 18, 6],
			"to": [10, 24, 10],
			"faces": {
				"north": {"uv": [4.75, 10.125, 5.25, 10.875], "texture": "#0"},
				"east": {"uv": [5.25, 10.125, 4.75, 10.875], "texture": "#0"},
				"south": {"uv": [4.75, 10.125, 5.25, 10.875], "texture": "#0"},
				"west": {"uv": [5.25, 10.125, 4.75, 10.875], "texture": "#0"},
				"up": {"uv": [4.75, 10.875, 5.25, 11.375], "texture": "#0"},
				"down": {"uv": [4.75, 10.875, 5.25, 11.375], "texture": "#0"}
			}
		}
	],
	"display": {
		"thirdperson_righthand": {
			"rotation": [63, 34, 0],
			"translation": [0, 1, 1],
			"scale": [0.52539, 0.52539, 0.52539]
		},
		"thirdperson_lefthand": {
			"rotation": [63, 34, 0],
			"translation": [0, 1, 1],
			"scale": [0.52539, 0.52539, 0.52539]
		},
		"firstperson_righthand": {
			"rotation": [3, 112, -13],
			"translation": [9.5, 0, -5.75],
			"scale": [0.41992, 0.41992, 0.41992]
		},
		"firstperson_lefthand": {
			"rotation": [3, 112, -13],
			"translation": [9.5, 0, -5.75],
			"scale": [0.41992, 0.41992, 0.41992]
		},
		"ground": {
			"translation": [0, 4.25, 0],
			"scale": [0.21875, 0.21875, 0.21875]
		},
		"gui": {
			"rotation": [30, -158, 0],
			"translation": [0.25, 0.75, 0],
			"scale": [0.33945, 0.33945, 0.33945]
		},
		"head": {
			"translation": [0, -5, 0],
			"scale": [1.6, 1.6, 1.6]
		},
		"fixed": {
			"translation": [0, -3.25, -7.5]
		}
	}
}