{"textures":{"0":"block/model/misc_blockstates","particle":"block/stone"},"parent":"block/block","display":{"thirdperson_righthand":{"translation":[0.0,1.0,-1.0],"rotation":[63.0,34.0,0.0],"scale":[0.37891,0.37891,0.37891]},"thirdperson_lefthand":{"translation":[0.0,1.0,-1.0],"rotation":[63.0,34.0,0.0],"scale":[0.37891,0.37891,0.37891]},"firstperson_righthand":{"translation":[9.5,0.0,-5.75],"rotation":[3.0,112.0,-13.0],"scale":[0.35547,0.35547,0.35547]},"firstperson_lefthand":{"translation":[9.5,0.0,-5.75],"rotation":[3.0,112.0,-13.0],"scale":[0.35547,0.35547,0.35547]},"ground":{"translation":[0.0,4.25,0.0],"scale":[0.28906,0.28906,0.28906]},"gui":{"translation":[-0.25,1.25,0.0],"rotation":[-155.47,-35.06,-179.51],"scale":[0.79258,0.79258,0.79258]},"head":{"translation":[0.0,-30.5,0.0],"scale":[1.6,1.6,1.6]},"fixed":{"translation":[0.0,-3.25,-7.5]}},"credit":"Made with Blockbench","ambientocclusion":false,"texture_size":[128.0,128.0],"elements":[{"from":[9.0,0.0,8.0],"to":[14.0,2.0,13.0],"faces":{"north":{"uv":[0.0,4.625,0.625,4.875],"texture":"#0"},"east":{"uv":[0.0,4.625,0.625,4.875],"texture":"#0"},"south":{"uv":[0.0,4.625,0.625,4.875],"texture":"#0"},"west":{"uv":[0.0,4.625,0.625,4.875],"texture":"#0"},"up":{"uv":[0.0,4.0,0.625,4.625],"texture":"#0"},"down":{"uv":[0.0,4.75,0.125,4.875],"texture":"#0"}}},{"from":[2.0,0.0,2.0],"to":[6.0,1.0,6.0],"faces":{"north":{"uv":[0.625,4.5,1.125,4.625],"texture":"#0"},"east":{"uv":[0.625,4.5,1.125,4.625],"texture":"#0"},"south":{"uv":[0.625,4.5,1.125,4.625],"texture":"#0"},"west":{"uv":[0.625,4.5,1.125,4.625],"texture":"#0"},"up":{"uv":[0.625,4.0,1.125,4.5],"texture":"#0"},"down":{"uv":[0.0,4.75,0.125,4.875],"texture":"#0"}}}]}