{
	"credit": "Made by Noxcrew | Used by Pe3ep (Ruther)",
	"texture_size": [256, 256],
	"textures": {
		"0": "model_textures/lobby/team_podiums",
		"particle": "model_textures/lobby/team_podiums"
	},
	"elements": [
		{
			"from": [-1.68, 2.42, -1.68],
			"to": [17.68, 21.78, 17.68],
			"rotation": {"angle": 0, "axis": "y", "origin": [-11.36, 2.42, -11.36]},
			"faces": {
				"north": {"uv": [3.625, 2.375, 4.625, 3.375], "texture": "#0"},
				"east": {"uv": [4.625, 2.375, 5.625, 3.375], "texture": "#0"},
				"south": {"uv": [6.625, 2.375, 5.625, 3.375], "texture": "#0"},
				"west": {"uv": [5.625, 2.375, 4.625, 3.375], "texture": "#0"},
				"up": {"uv": [4.75, 3.5, 5.75, 4.5], "texture": "#0"},
				"down": {"uv": [5.8125, 3.4375, 5.875, 3.5], "texture": "#0"}
			}
		},
		{
			"from": [9.17786, 18.52728, 8],
			"to": [21.27786, 30.62728, 8],
			"rotation": {"angle": -22.5, "axis": "z", "origin": [16.43786, 23.36728, 8]},
			"faces": {
				"north": {"uv": [6.375, 1.75, 7, 2.375], "texture": "#0"},
				"south": {"uv": [7, 1.75, 6.375, 2.375], "texture": "#0"}
			}
		},
		{
			"from": [-5.27786, 18.52728, 8],
			"to": [6.82214, 30.62728, 8],
			"rotation": {"angle": 22.5, "axis": "z", "origin": [-0.43786, 23.36728, 8]},
			"faces": {
				"north": {"uv": [7, 1.75, 6.375, 2.375], "texture": "#0"},
				"south": {"uv": [6.375, 1.75, 7, 2.375], "texture": "#0"}
			}
		},
		{
			"from": [3.16, 2.42, -8.94],
			"to": [12.84, 9.68, 0.74],
			"rotation": {"angle": -22.5, "axis": "x", "origin": [8, 6.05, -4.1]},
			"faces": {
				"north": {"uv": [5.875, 3.5, 6.375, 3.875], "texture": "#0"},
				"east": {"uv": [5.875, 3.875, 6.375, 4.25], "texture": "#0"},
				"west": {"uv": [6.375, 3.875, 5.875, 4.25], "texture": "#0"},
				"up": {"uv": [6.375, 3.5, 6.875, 4], "texture": "#0"},
				"down": {"uv": [5.8125, 3.4375, 5.875, 3.5], "texture": "#0"}
			}
		}
	],
	"display": {
		"thirdperson_righthand": {
			"rotation": [46.75, 13.5, 0],
			"scale": [0.27734, 0.27734, 0.27734]
		},
		"thirdperson_lefthand": {
			"rotation": [46.75, 13.5, 0],
			"scale": [0.27734, 0.27734, 0.27734]
		},
		"firstperson_righthand": {
			"rotation": [0, 148.75, 0],
			"translation": [0, 4.25, 0],
			"scale": [0.20117, 0.20117, 0.20117]
		},
		"firstperson_lefthand": {
			"rotation": [0, 148.75, 0],
			"translation": [0, 4.25, 0],
			"scale": [0.20117, 0.20117, 0.20117]
		},
		"ground": {
			"translation": [0, 11.25, 0],
			"scale": [0.63477, 0.63477, 0.63477]
		},
		"gui": {
			"rotation": [28, 148, 0],
			"scale": [0.38867, 0.38867, 0.38867]
		},
		"head": {
			"translation": [0, -18.25, 0],
			"scale": [1.6, 1.6, 1.6]
		}
	}
}