{"textures":{"0":"minecraft:model_textures/christmas/winter_misc","particle":"mcc:island_winter/lobby/winter_misc"},"elements":[{"from":[4.0,1.0,4.0],"to":[12.0,9.0,12.0],"faces":{"north":{"uv":[10.625,12.875,11.625,13.875],"texture":"#0","tintindex":0},"east":{"uv":[10.625,12.875,11.625,13.875],"texture":"#0","tintindex":0},"south":{"uv":[10.625,12.875,11.625,13.875],"texture":"#0","tintindex":0},"west":{"uv":[10.625,12.875,11.625,13.875],"texture":"#0","tintindex":0},"up":{"uv":[10.625,11.875,11.625,12.875],"texture":"#0","tintindex":0},"down":{"uv":[10.625,10.875,11.625,11.875],"texture":"#0","tintindex":0}}},{"from":[6.0,9.0,6.0],"to":[10.0,11.0,10.0],"faces":{"north":{"uv":[11.125,10.625,11.625,10.875],"texture":"#0"},"east":{"uv":[11.125,10.625,11.625,10.875],"texture":"#0"},"south":{"uv":[11.125,10.625,11.625,10.875],"texture":"#0"},"west":{"uv":[11.125,10.625,11.625,10.875],"texture":"#0"},"up":{"uv":[11.125,10.125,11.625,10.625],"texture":"#0"},"down":{"uv":[11.375,10.25,11.5,10.375],"texture":"#0"}}},{"from":[4.0,8.0,8.0],"to":[12.0,16.0,8.0],"faces":{"north":{"uv":[9.25,12.875,10.25,13.875],"texture":"#0"},"south":{"uv":[9.25,12.875,10.25,13.875],"texture":"#0"}}}],"display":{"thirdperson_righthand":{"translation":[0.0,1.0,-1.0],"rotation":[63.0,34.0,0.0],"scale":[0.37891,0.37891,0.37891]},"thirdperson_lefthand":{"translation":[0.0,1.0,-1.0],"rotation":[63.0,34.0,0.0],"scale":[0.37891,0.37891,0.37891]},"firstperson_righthand":{"translation":[9.5,0.0,-5.75],"rotation":[3.0,112.0,-13.0],"scale":[0.35547,0.35547,0.35547]},"firstperson_lefthand":{"translation":[9.5,0.0,-5.75],"rotation":[3.0,112.0,-13.0],"scale":[0.35547,0.35547,0.35547]},"ground":{"translation":[0.0,4.25,0.0],"scale":[0.28906,0.28906,0.28906]},"gui":{"translation":[-0.25,-0.25,0.0],"rotation":[30.0,-158.0,0.0],"scale":[0.56992,0.56992,0.56992]},"head":{"translation":[0.0,-30.5,0.0],"scale":[1.6,1.6,1.6]},"fixed":{"translation":[0.0,-3.25,-7.5]}},"credit":"Made with Blockbench"}