{"textures":{"0":"minecraft:model_textures/christmas/winter_misc_3","particle":"mcc:island_winter/lobby/winter_misc_3"},"elements":[{"from":[3.0,6.0,14.0],"to":[11.0,14.0,16.0],"faces":{"north":{"uv":[15.0,14.25,16.0,15.25],"texture":"#0","tintindex":0},"east":{"uv":[15.0,14.25,15.125,15.25],"texture":"#0","tintindex":0},"south":{"uv":[16.0,14.25,15.0,15.25],"texture":"#0","tintindex":0},"west":{"uv":[15.0,14.25,15.125,15.25],"texture":"#0","tintindex":0}}},{"from":[1.0,14.0,15.75],"to":[4.0,19.0,15.75],"rotation":{"angle":22.5,"axis":"z","origin":[7.0,18.0,15.0]},"faces":{"north":{"uv":[14.625,14.625,15.0,15.25],"texture":"#0","tintindex":0},"south":{"uv":[14.625,14.625,15.0,15.25],"texture":"#0","tintindex":0}}},{"from":[2.8,9.8,13.8],"to":[11.2,14.2,16.2],"faces":{"north":{"uv":[15.0,13.75,16.0,14.25],"texture":"#0"},"east":{"uv":[15.0,13.75,15.125,14.25],"texture":"#0"},"south":{"uv":[16.0,13.75,15.0,14.25],"texture":"#0"},"west":{"uv":[15.0,13.75,15.125,14.25],"texture":"#0"},"up":{"uv":[15.0,13.5,16.0,13.75],"texture":"#0"},"down":{"uv":[15.0,13.5,16.0,13.75],"texture":"#0"}}},{"from":[3.0,0.0,14.0],"to":[14.0,6.0,16.0],"faces":{"north":{"uv":[14.625,15.25,16.0,16.0],"texture":"#0","tintindex":0},"east":{"uv":[14.625,15.25,14.75,16.0],"texture":"#0","tintindex":0},"south":{"uv":[16.0,15.25,14.625,16.0],"texture":"#0","tintindex":0},"west":{"uv":[14.625,15.25,14.75,16.0],"texture":"#0","tintindex":0},"up":{"uv":[16.0,15.375,14.625,15.25],"texture":"#0","tintindex":0},"down":{"uv":[16.0,16.0,14.625,15.875],"texture":"#0","tintindex":0}}}],"display":{"thirdperson_righthand":{"translation":[0.0,1.0,-1.0],"rotation":[63.0,34.0,0.0],"scale":[0.37891,0.37891,0.37891]},"thirdperson_lefthand":{"translation":[0.0,1.0,-1.0],"rotation":[63.0,34.0,0.0],"scale":[0.37891,0.37891,0.37891]},"firstperson_righthand":{"translation":[9.5,0.0,-5.75],"rotation":[3.0,112.0,-13.0],"scale":[0.35547,0.35547,0.35547]},"firstperson_lefthand":{"translation":[9.5,0.0,-5.75],"rotation":[3.0,112.0,-13.0],"scale":[0.35547,0.35547,0.35547]},"ground":{"translation":[0.0,4.25,0.0],"scale":[0.28906,0.28906,0.28906]},"gui":{"translation":[-0.25,-0.25,0.0],"rotation":[30.0,-158.0,0.0],"scale":[0.56992,0.56992,0.56992]},"head":{"translation":[1.5,-30.5,0.0],"rotation":[0.0,0.0,-18.5],"scale":[1.69766,1.69766,1.69766]},"fixed":{"translation":[0.0,-3.25,-7.5]}},"credit":"Made with Blockbench"}