{"textures":{"0":"minecraft:model_textures/christmas/winter_misc_3","particle":"mcc:island_winter/lobby/winter_misc_3"},"elements":[{"from":[-1.0,-1.0,14.0],"to":[17.0,17.0,16.0],"faces":{"north":{"uv":[2.625,11.5,4.875,13.75],"texture":"#0"},"east":{"uv":[4.875,11.5,5.125,13.75],"texture":"#0"},"south":{"uv":[2.625,11.5,4.875,13.75],"texture":"#0"},"west":{"uv":[5.125,11.5,4.875,13.75],"texture":"#0"},"up":{"uv":[2.625,11.25,4.875,11.5],"texture":"#0"},"down":{"uv":[2.625,11.25,4.875,11.5],"texture":"#0","rotation":180}}},{"from":[-1.0,-1.0,15.0],"to":[17.0,17.0,15.0],"faces":{"north":{"uv":[10.0,11.5,12.25,13.75],"texture":"#0"},"east":{"uv":[4.875,11.5,5.125,13.75],"texture":"#0"},"south":{"uv":[10.0,11.5,12.25,13.75],"texture":"#0"},"west":{"uv":[5.125,11.5,4.875,13.75],"texture":"#0"},"up":{"uv":[2.625,11.25,4.875,11.5],"texture":"#0"},"down":{"uv":[2.625,11.25,4.875,11.5],"texture":"#0","rotation":180}}},{"from":[-1.0,-4.0,14.0],"to":[17.0,-1.0,14.0],"faces":{"north":{"uv":[2.625,10.75,4.875,11.125],"texture":"#0"},"south":{"uv":[4.875,10.75,2.625,11.125],"texture":"#0"}}},{"from":[17.0,17.0,16.0],"to":[-1.0,-1.0,14.0],"faces":{"north":{"uv":[2.625,13.75,4.875,11.5],"texture":"#0"},"east":{"uv":[5.125,13.75,4.875,11.5],"texture":"#0"},"south":{"uv":[2.625,13.75,4.875,11.5],"texture":"#0"},"west":{"uv":[4.875,13.75,5.125,11.5],"texture":"#0"},"up":{"uv":[4.875,11.25,2.625,11.5],"texture":"#0","rotation":180},"down":{"uv":[4.875,11.25,2.625,11.5],"texture":"#0"}}}],"display":{"thirdperson_righthand":{"translation":[0.0,1.0,-1.0],"rotation":[63.0,34.0,0.0],"scale":[0.37891,0.37891,0.37891]},"thirdperson_lefthand":{"translation":[0.0,1.0,-1.0],"rotation":[63.0,34.0,0.0],"scale":[0.37891,0.37891,0.37891]},"firstperson_righthand":{"translation":[9.5,0.0,-5.75],"rotation":[3.0,112.0,-13.0],"scale":[0.35547,0.35547,0.35547]},"firstperson_lefthand":{"translation":[9.5,0.0,-5.75],"rotation":[3.0,112.0,-13.0],"scale":[0.35547,0.35547,0.35547]},"ground":{"translation":[0.0,4.25,0.0],"scale":[0.28906,0.28906,0.28906]},"gui":{"translation":[-0.25,-0.25,0.0],"rotation":[30.0,-158.0,0.0],"scale":[0.56992,0.56992,0.56992]},"head":{"translation":[0.0,-30.5,0.0],"scale":[1.6,1.6,1.6]},"fixed":{"translation":[0.0,-3.25,-7.5]}},"credit":"Made with Blockbench"}