{"textures":{"0":"minecraft:model_textures/christmas/winter_misc_3","particle":"mcc:island_winter/lobby/winter_misc_3"},"elements":[{"from":[8.0,0.0,7.0],"to":[14.0,6.0,13.0],"rotation":{"angle":-22.5,"axis":"y","origin":[11.0,3.0,10.0]},"faces":{"north":{"uv":[9.125,9.25,9.875,10.0],"texture":"#0"},"east":{"uv":[9.875,9.25,10.625,10.0],"texture":"#0"},"south":{"uv":[9.125,9.25,9.875,10.0],"texture":"#0"},"west":{"uv":[9.875,9.25,10.625,10.0],"texture":"#0"},"up":{"uv":[10.625,9.25,11.375,10.0],"texture":"#0","rotation":180},"down":{"uv":[10.625,8.375,11.375,9.125],"texture":"#0"}}},{"from":[5.00419,6.0,4.99373],"to":[11.00419,12.0,10.99373],"rotation":{"angle":45.0,"axis":"y","origin":[8.00419,9.0,7.99373]},"faces":{"north":{"uv":[9.875,9.25,10.625,10.0],"texture":"#0"},"east":{"uv":[9.125,8.375,9.875,9.125],"texture":"#0"},"south":{"uv":[9.875,9.25,10.625,10.0],"texture":"#0"},"west":{"uv":[9.125,8.375,9.875,9.125],"texture":"#0"},"up":{"uv":[10.625,9.25,11.375,10.0],"texture":"#0","rotation":180},"down":{"uv":[10.625,8.375,11.375,9.125],"texture":"#0"}}},{"from":[4.0,0.0,1.0],"to":[10.0,6.0,7.0],"rotation":{"angle":22.5,"axis":"y","origin":[11.0,9.0,10.0]},"faces":{"north":{"uv":[9.875,9.25,10.625,10.0],"texture":"#0"},"east":{"uv":[9.875,8.375,10.625,9.125],"texture":"#0"},"south":{"uv":[9.875,9.25,10.625,10.0],"texture":"#0"},"west":{"uv":[9.875,8.375,10.625,9.125],"texture":"#0"},"up":{"uv":[10.625,9.25,11.375,10.0],"texture":"#0","rotation":180},"down":{"uv":[10.625,8.375,11.375,9.125],"texture":"#0"}}}],"display":{"thirdperson_righthand":{"translation":[0.0,1.0,-1.0],"rotation":[63.0,34.0,0.0],"scale":[0.37891,0.37891,0.37891]},"thirdperson_lefthand":{"translation":[0.0,1.0,-1.0],"rotation":[63.0,34.0,0.0],"scale":[0.37891,0.37891,0.37891]},"firstperson_righthand":{"translation":[9.5,0.0,-5.75],"rotation":[3.0,112.0,-13.0],"scale":[0.35547,0.35547,0.35547]},"firstperson_lefthand":{"translation":[9.5,0.0,-5.75],"rotation":[3.0,112.0,-13.0],"scale":[0.35547,0.35547,0.35547]},"ground":{"translation":[0.0,4.25,0.0],"scale":[0.28906,0.28906,0.28906]},"gui":{"translation":[-0.25,-0.25,0.0],"rotation":[30.0,-158.0,0.0],"scale":[0.56992,0.56992,0.56992]},"head":{"translation":[0.0,-30.5,0.0],"scale":[1.6,1.6,1.6]},"fixed":{"translation":[0.0,-3.25,-7.5]}},"credit":"Made with Blockbench"}