{"display":{"thirdperson_righthand":{"rotation":[-160.25,0,0],"translation":[0,6.75,6.25],"scale":[0.80859,0.80859,0.80859]},"thirdperson_lefthand":{"rotation":[-160.25,0,0],"translation":[0,6.75,6.25],"scale":[0.80859,0.80859,0.80859]},"firstperson_righthand":{"rotation":[149,87,4],"translation":[0.5,6.25,1.5],"scale":[0.39453,0.39453,0.39453]},"firstperson_lefthand":{"rotation":[149,87,4],"translation":[0.5,6.25,1.5],"scale":[0.39453,0.39453,0.39453]},"ground":{"translation":[0,1.75,0],"scale":[0.50977,0.50977,0.50977]},"gui":{"rotation":[171,4.75,45],"translation":[1.75,1.5,0],"scale":[0.70117,0.70117,0.70117]}},"texture_size":[256,256],"textures":{"0":"minecraft:model_textures/hub/bar","particle":"models/hub/bar"},"elements":[{"from":[4.5,-1.5,8.5],"to":[11.5,7.5,8.5],"rotation":{"angle":22.5,"axis":"x","origin":[8,5,11.5]},"faces":{"north":{"uv":[7.5,5.3125,7.9375,5.875],"texture":"#0"},"east":{"uv":[0,0,0,0.5625],"texture":"#missing"},"south":{"uv":[7.5,5.3125,7.9375,5.875],"texture":"#0"},"west":{"uv":[0,0,0,0.5625],"texture":"#missing"},"up":{"uv":[0,0,0.4375,0],"texture":"#missing"},"down":{"uv":[0,0,0.4375,0],"texture":"#missing"}}},{"from":[7.3,7.8,8.8],"to":[8.7,21.2,10.2],"rotation":{"angle":0,"axis":"x","origin":[8,5,11.5]},"faces":{"north":{"uv":[7.9375,5.3125,8.0625,6.1875],"texture":"#0"},"east":{"uv":[8.0625,5.3125,7.9375,6.1875],"texture":"#0"},"south":{"uv":[7.9375,5.3125,8.0625,6.1875],"texture":"#0"},"west":{"uv":[8.0625,5.3125,7.9375,6.1875],"texture":"#0"},"up":{"uv":[7.9375,5.3125,8,5.375],"texture":"#0"},"down":{"uv":[7.9375,5.3125,8,5.375],"texture":"#0"}}},{"from":[6.8,17.3,8.3],"to":[9.2,23.7,10.7],"rotation":{"angle":0,"axis":"x","origin":[8,5,11.5]},"faces":{"north":{"uv":[8.0625,5.3125,8.1875,5.6875],"texture":"#0"},"east":{"uv":[8.1875,5.3125,8.0625,5.6875],"texture":"#0"},"south":{"uv":[8.0625,5.3125,8.1875,5.6875],"texture":"#0"},"west":{"uv":[8.1875,5.3125,8.0625,5.6875],"texture":"#0"},"up":{"uv":[8.3125,5.3125,8.1875,5.4375],"texture":"#0"},"down":{"uv":[8.0625,5.5625,8.125,5.625],"texture":"#0"}}}]}