{"display":{"thirdperson_righthand":{"rotation":[-60,90.25,0],"translation":[0,0.25,0],"scale":[0.6875,0.6875,0.94922]},"thirdperson_lefthand":{"rotation":[-60,-90,0],"translation":[0,0.25,0],"scale":[0.6875,0.6875,0.94922]},"firstperson_righthand":{"rotation":[19.75,105,-32.5],"translation":[0,2.75,0.75],"scale":[0.45898,0.45898,0.45898]},"firstperson_lefthand":{"rotation":[19.75,105,-32.5],"translation":[0,2.75,0.75],"scale":[-0.45898,0.45898,0.45898]},"ground":{"translation":[0,5,0],"scale":[0.76563,0.76563,0.76563]},"gui":{"rotation":[32,-144,0],"translation":[0,-2,0],"scale":[0.57617,0.57617,0.57617]}},"texture_size":[128,128],"textures":{"0":"minecraft:model_textures/dodgebolt/team_hats","particle":"models/teams/team_hats"},"elements":[{"from":[0.99,4.99,5.74],"to":[9.01,14.01,10.26],"rotation":{"angle":0,"axis":"y","origin":[0,1,0]},"faces":{"north":{"uv":[11.25,10.125,12.25,11.25],"texture":"#0"},"east":{"uv":[13.375,11,13.5,11.25],"texture":"#0"},"south":{"uv":[13.25,9.75,12.25,10.875],"texture":"#0"},"west":{"uv":[12.75,11.5,12.875,12.625],"texture":"#0"},"up":{"uv":[12.5,11.875,11.5,12.5],"texture":"#0"},"down":{"uv":[12.25,11.125,11.25,11.25],"texture":"#0"}}},{"from":[4,4.9,10.15],"to":[13.8,12.7,10.35],"rotation":{"angle":0,"axis":"y","origin":[-1.6,1.2,-1.6]},"faces":{"north":{"uv":[0,12.625,0.75,12.75],"texture":"#0"},"east":{"uv":[0,12.625,0.75,12.75],"texture":"#0"},"south":{"uv":[0,12.625,1,13.375],"texture":"#0"},"west":{"uv":[0,12.625,0.75,12.75],"texture":"#0"},"up":{"uv":[0,12.625,0.75,12.75],"texture":"#0"},"down":{"uv":[0,12.625,0.75,12.75],"texture":"#0"}}},{"from":[2,0,5.875],"to":[14,14,10.125],"rotation":{"angle":0,"axis":"y","origin":[0,1,0.125]},"faces":{"north":{"uv":[12.75,10.875,14.25,12.625],"texture":"#0"},"east":{"uv":[12.75,10.875,12.875,12.625],"texture":"#0"},"south":{"uv":[14.25,10.875,12.75,12.625],"texture":"#0"},"west":{"uv":[12.75,10.875,12.875,12.625],"texture":"#0"},"up":{"uv":[13.75,11.375,13.875,11.625],"texture":"#0"},"down":{"uv":[12.75,12.5,14.25,12.625],"texture":"#0"}}},{"from":[1.99,13.99,5.99],"to":[7.01,25.01,10.01],"rotation":{"angle":0,"axis":"y","origin":[0,1,0]},"faces":{"north":{"uv":[14.25,11.25,14.875,12.625],"texture":"#0"},"east":{"uv":[13.75,10.5,13.875,11.875],"texture":"#0"},"south":{"uv":[14.875,11.25,14.25,12.625],"texture":"#0"},"west":{"uv":[14.75,11.25,14.875,12.625],"texture":"#0"},"up":{"uv":[13.75,10.5,13.875,11.875],"texture":"#0"},"down":{"uv":[13.25,10.625,13.375,10.875],"texture":"#0"}}},{"from":[0.8,5.8,5.8],"to":[13.2,17.2,10.2],"rotation":{"angle":-22.5,"axis":"z","origin":[8,3.5,8]},"faces":{"north":{"uv":[11.25,11.25,12.75,12.625],"texture":"#0"},"east":{"uv":[11.375,11.25,11.25,12.625],"texture":"#0"},"south":{"uv":[14.75,9.5,13.25,10.875],"texture":"#0"},"west":{"uv":[14.625,9.5,14.75,10.875],"texture":"#0"},"up":{"uv":[13.75,10.5,13.875,11.875],"texture":"#0"},"down":{"uv":[12.75,12.5,11.25,12.625],"texture":"#0"}}}]}