{"textures":{"1":"minecraft:model_textures/hub/tiki1"},"credit":"Made with Blockbench","texture_size":[128.0,128.0],"elements":[{"from":[-0.08,17.53868,15.14505],"to":[16.08,18.69868,29.01],"rotation":{"angle":-45.0,"axis":"x","origin":[0.0,6.61868,25.88191]},"faces":{"north":{"uv":[14.125,10.25,14.125,10.375],"texture":"#1","tintindex":0.0},"east":{"uv":[13.625,9.25,13.75,11.125],"rotation":90.0,"texture":"#1","tintindex":0.0},"south":{"uv":[13.625,11.25,13.75,9.25],"rotation":90.0,"texture":"#1","tintindex":0.0},"west":{"uv":[13.625,11.125,13.75,9.25],"rotation":90.0,"texture":"#1","tintindex":0.0},"up":{"uv":[16.0,10.375,14.0,8.5],"texture":"#1","tintindex":0.0},"down":{"uv":[14.125,10.25,14.125,10.375],"texture":"#1","tintindex":0.0}}},{"from":[-0.08,6.67,-9.8147],"to":[16.08,7.83,11.3453],"rotation":{"angle":0.0,"axis":"y","origin":[0.0,-4.25,-1.7347]},"faces":{"north":{"uv":[0.0,6.5,0.25,6.625],"rotation":90.0,"texture":"#1","tintindex":0.0},"east":{"uv":[13.625,11.25,13.7525,13.8775],"rotation":90.0,"texture":"#1","tintindex":0.0},"south":{"uv":[14.125,10.25,14.125,10.375],"texture":"#1","tintindex":0.0},"west":{"uv":[13.625,13.8775,13.7525,11.25],"rotation":90.0,"texture":"#1","tintindex":0.0},"up":{"uv":[16.0,13.0,14.0,10.375],"texture":"#1","tintindex":0.0},"down":{"uv":[14.125,10.25,14.125,10.375],"texture":"#1","tintindex":0.0}}},{"from":[-0.07,1.92369,-15.46079],"to":[16.07,3.06369,-8.32079],"rotation":{"angle":-22.5,"axis":"x","origin":[8.0,1.99369,-21.01854]},"faces":{"north":{"uv":[13.625,11.25,13.75,9.25],"rotation":90.0,"texture":"#1","tintindex":0.0},"east":{"uv":[13.625,12.75,13.75,13.625],"rotation":90.0,"texture":"#1","tintindex":0.0},"south":{"uv":[0.0,6.5,0.25,6.625],"rotation":90.0,"texture":"#1","tintindex":0.0},"west":{"uv":[13.625,13.625,13.75,12.75],"rotation":90.0,"texture":"#1","tintindex":0.0},"up":{"uv":[16.0,13.875,14.0,13.0],"texture":"#1","tintindex":0.0},"down":{"uv":[14.125,10.25,14.125,10.375],"texture":"#1","tintindex":0.0}}},{"from":[0.0,-0.00631,-15.39079],"to":[16.0,1.99369,-8.39079],"rotation":{"angle":-22.5,"axis":"x","origin":[8.0,1.99369,-21.01854]},"faces":{"north":{"uv":[13.375,11.25,13.625,9.25],"rotation":90.0,"texture":"#1"},"east":{"uv":[13.375,12.75,13.625,13.625],"rotation":90.0,"texture":"#1"},"south":{"uv":[0.0,6.5,0.25,6.625],"rotation":90.0,"texture":"#1"},"west":{"uv":[13.375,13.625,13.625,12.75],"rotation":90.0,"texture":"#1"},"up":{"uv":[16.0,13.875,14.0,13.0],"texture":"#1"},"down":{"uv":[14.0,3.375,16.0,4.25],"texture":"#1"}}},{"from":[-0.01,4.74,-9.7447],"to":[16.01,6.76,11.2753],"rotation":{"angle":0.0,"axis":"y","origin":[0.0,-4.25,-1.7347]},"faces":{"north":{"uv":[0.0,6.5,0.25,6.625],"rotation":90.0,"texture":"#1"},"east":{"uv":[13.375,11.25,13.6275,13.8775],"rotation":90.0,"texture":"#1"},"south":{"uv":[14.0,5.875,16.0025,8.5025],"texture":"#1"},"west":{"uv":[13.375,13.8775,13.6275,11.25],"rotation":90.0,"texture":"#1"},"up":{"uv":[16.0,13.0,14.0,10.375],"texture":"#1"},"down":{"uv":[16.0025,3.25,14.0,5.8775],"texture":"#1"}}},{"from":[0.0,15.61868,14.22505],"to":[16.0,17.61868,29.0],"rotation":{"angle":-45.0,"axis":"x","origin":[0.0,6.61868,25.88191]},"faces":{"north":{"uv":[0.0,6.5,0.25,6.625],"rotation":90.0,"texture":"#1"},"east":{"uv":[13.375,9.25,13.625,11.09687],"rotation":90.0,"texture":"#1"},"south":{"uv":[13.375,11.25,13.625,9.25],"rotation":90.0,"texture":"#1"},"west":{"uv":[13.375,11.09687,13.625,9.25],"rotation":90.0,"texture":"#1"},"up":{"uv":[16.0,10.375,14.0,8.5],"texture":"#1"},"down":{"uv":[14.0,4.0,16.0,5.875],"texture":"#1"}}},{"from":[-2.3,8.05,1.0653],"to":[0.7,11.05,15.0653],"rotation":{"angle":0.0,"axis":"y","origin":[0.0,-4.25,-1.7347]},"faces":{"north":{"uv":[10.875,9.375,11.25,9.75],"rotation":90.0,"texture":"#1"},"east":{"uv":[10.875,9.75,9.125,9.375],"texture":"#1"},"south":{"uv":[11.25,9.75,11.625,9.375],"texture":"#1"},"west":{"uv":[9.125,9.75,10.875,9.375],"texture":"#1"},"up":{"uv":[9.125,9.375,10.875,9.0],"rotation":90.0,"texture":"#1"},"down":{"uv":[10.875,9.375,12.625,9.0],"rotation":90.0,"texture":"#1"}}},{"from":[15.3,8.05,1.0653],"to":[18.3,11.05,15.0653],"rotation":{"angle":0.0,"axis":"y","origin":[16.0,-4.25,-1.7347]},"faces":{"north":{"uv":[10.875,9.75,11.25,9.375],"rotation":90.0,"texture":"#1"},"east":{"uv":[10.875,9.75,9.125,9.375],"texture":"#1"},"south":{"uv":[11.625,9.75,11.25,9.375],"texture":"#1"},"west":{"uv":[9.125,9.75,10.875,9.375],"texture":"#1"},"up":{"uv":[9.125,9.0,10.875,9.375],"rotation":90.0,"texture":"#1"},"down":{"uv":[10.875,9.0,12.625,9.375],"rotation":90.0,"texture":"#1"}}},{"from":[-0.9,-4.35,-8.4847],"to":[-0.9,7.65,-6.4847],"rotation":{"angle":45.0,"axis":"x","origin":[16.0,-4.25,0.3653]},"faces":{"north":{"uv":[0.25,2.625,0.375,3.375],"texture":"#1"},"east":{"uv":[9.375,10.25,9.625,11.75],"texture":"#1"},"south":{"uv":[9.0,9.75,9.125,10.5],"texture":"#1"},"west":{"uv":[9.625,10.25,9.375,11.75],"texture":"#1"},"up":{"uv":[0.0,3.875,0.125,4.0],"texture":"#1"},"down":{"uv":[0.0,3.875,0.125,4.0],"texture":"#1"}}},{"from":[-2.0,0.0429,-6.32049],"to":[18.0,2.0429,-4.32049],"rotation":{"angle":0.0,"axis":"y","origin":[8.0,1.0429,-5.32049]},"faces":{"north":{"uv":[9.125,9.75,11.625,10.0],"rotation":180.0,"texture":"#1"},"east":{"uv":[9.125,9.75,9.375,10.0],"rotation":180.0,"texture":"#1"},"south":{"uv":[9.125,10.0,11.625,9.75],"rotation":180.0,"texture":"#1"},"west":{"uv":[9.375,9.75,9.125,10.0],"rotation":180.0,"texture":"#1"},"up":{"uv":[9.125,9.75,11.625,10.0],"rotation":180.0,"texture":"#1"},"down":{"uv":[9.125,9.75,11.625,10.0],"rotation":180.0,"texture":"#1"}}},{"from":[-2.0,0.0429,15.42951],"to":[18.0,2.0429,17.42951],"rotation":{"angle":0.0,"axis":"y","origin":[8.0,1.0429,-5.32049]},"faces":{"north":{"uv":[9.125,9.75,11.625,10.0],"rotation":180.0,"texture":"#1"},"east":{"uv":[9.125,9.75,9.375,10.0],"rotation":180.0,"texture":"#1"},"south":{"uv":[9.125,10.0,11.625,9.75],"rotation":180.0,"texture":"#1"},"west":{"uv":[9.375,9.75,9.125,10.0],"rotation":180.0,"texture":"#1"},"up":{"uv":[9.125,9.75,11.625,10.0],"rotation":180.0,"texture":"#1"},"down":{"uv":[9.125,9.75,11.625,10.0],"rotation":180.0,"texture":"#1"}}},{"from":[-0.9,-0.35,17.0153],"to":[-0.9,9.65,19.0153],"rotation":{"angle":-22.5,"axis":"x","origin":[16.0,-4.25,14.1653]},"faces":{"north":{"uv":[0.5,2.625,0.375,3.375],"texture":"#1"},"east":{"uv":[9.625,10.25,9.375,11.5],"texture":"#1"},"south":{"uv":[9.25,9.75,9.125,10.5],"texture":"#1"},"west":{"uv":[9.375,10.25,9.625,11.5],"texture":"#1"},"up":{"uv":[0.0,4.0,0.125,3.875],"texture":"#1"},"down":{"uv":[0.0,4.0,0.125,3.875],"texture":"#1"}}},{"from":[16.9,-4.35,-8.4847],"to":[16.9,7.65,-6.4847],"rotation":{"angle":45.0,"axis":"x","origin":[0.0,-4.25,0.3653]},"faces":{"north":{"uv":[0.375,2.625,0.25,3.375],"texture":"#1"},"east":{"uv":[9.375,10.25,9.625,11.75],"texture":"#1"},"south":{"uv":[9.125,9.75,9.0,10.5],"texture":"#1"},"west":{"uv":[9.625,10.25,9.375,11.75],"texture":"#1"},"up":{"uv":[0.125,3.875,0.0,4.0],"texture":"#1"},"down":{"uv":[0.125,3.875,0.0,4.0],"texture":"#1"}}},{"from":[16.9,-0.35,17.0153],"to":[16.9,9.65,19.0153],"rotation":{"angle":-22.5,"axis":"x","origin":[0.0,-4.25,14.1653]},"faces":{"north":{"uv":[0.375,2.625,0.5,3.375],"texture":"#1"},"east":{"uv":[9.625,10.25,9.375,11.5],"texture":"#1"},"south":{"uv":[9.125,9.75,9.25,10.5],"texture":"#1"},"west":{"uv":[9.375,10.25,9.625,11.5],"texture":"#1"},"up":{"uv":[0.125,4.0,0.0,3.875],"texture":"#1"},"down":{"uv":[0.125,4.0,0.0,3.875],"texture":"#1"}}}],"display":{"thirdperson_righthand":{"rotation":[63.0,34.0,0.0],"translation":[1.0,0.0,0.5],"scale":[0.28906,0.28906,0.28906]},"thirdperson_lefthand":{"rotation":[63.0,34.0,0.0],"translation":[1.0,0.0,0.5],"scale":[0.28906,0.28906,0.28906]},"firstperson_righthand":{"rotation":[3.0,112.0,-13.0],"translation":[9.5,0.0,-5.75],"scale":[0.26172,0.26172,0.26172]},"firstperson_lefthand":{"rotation":[3.0,112.0,-13.0],"translation":[9.5,0.0,-5.75],"scale":[0.26172,0.26172,0.26172]},