{"textures":{"0":"minecraft:model_textures/hub/tiki1","particle":"mcc:shared_lobby/event/tiki1"},"credit":"Made with Blockbench","texture_size":[128.0,128.0],"elements":[{"from":[2.0,0.0,14.0],"to":[14.0,21.0,16.0],"faces":{"north":{"uv":[4.75,11.75,6.25,14.375],"texture":"#0"},"east":{"uv":[6.375,11.75,6.125,14.375],"texture":"#0"},"south":{"uv":[6.375,11.75,7.875,14.375],"texture":"#0"},"west":{"uv":[6.125,11.75,6.375,14.375],"texture":"#0"},"up":{"uv":[4.75,11.875,6.25,11.625],"texture":"#0"},"down":{"uv":[4.75,14.5,6.25,14.25],"texture":"#0"}}},{"from":[-5.0,0.0,15.0],"to":[21.0,27.0,15.0],"faces":{"north":{"uv":[6.25,5.375,9.5,8.75],"texture":"#0"},"east":{"uv":[7.625,8.875,7.375,11.5],"texture":"#0"},"south":{"uv":[6.25,5.375,9.5,8.75],"texture":"#0"},"west":{"uv":[7.375,8.875,7.625,11.5],"texture":"#0"},"up":{"uv":[6.0,9.0,7.5,8.75],"texture":"#0"},"down":{"uv":[6.0,11.625,7.5,11.375],"texture":"#0"}}}],"display":{"thirdperson_righthand":{"rotation":[63.0,34.0,0.0],"translation":[0.0,1.0,-1.0],"scale":[0.52539,0.52539,0.52539]},"thirdperson_lefthand":{"rotation":[63.0,34.0,0.0],"translation":[0.0,1.0,-1.0],"scale":[0.52539,0.52539,0.52539]},"firstperson_righthand":{"rotation":[3.0,112.0,-13.0],"translation":[9.5,0.0,-5.75],"scale":[0.41992,0.41992,0.41992]},"firstperson_lefthand":{"rotation":[3.0,112.0,-13.0],"translation":[9.5,0.0,-5.75],"scale":[0.41992,0.41992,0.41992]},"ground":{"translation":[0.0,-0.25,0.0],"scale":[0.43945,0.43945,0.43945]},"gui":{"rotation":[30.0,-158.0,0.0],"translation":[1.75,-3.25,0.0],"scale":[0.60117,0.60117,0.60117]},"head":{"translation":[0.0,-30.5,0.0],"scale":[1.6,1.6,1.6]},"fixed":{"translation":[0.0,-3.25,-7.5]}}}