{"textures":{"0":"minecraft:model_textures/hub/tiki1","particle":"mcc:shared_lobby/event/tiki1"},"credit":"Made with Blockbench","texture_size":[128.0,128.0],"elements":[{"from":[7.0,-16.0,7.0],"to":[9.0,18.0,9.0],"faces":{"north":{"uv":[4.5,10.125,4.75,14.375],"texture":"#0"},"east":{"uv":[4.75,10.125,4.5,14.375],"texture":"#0"},"south":{"uv":[4.5,10.125,4.75,14.375],"texture":"#0"},"west":{"uv":[4.75,10.125,4.5,14.375],"texture":"#0"},"up":{"uv":[5.25,10.625,5.5,10.875],"texture":"#0"},"down":{"uv":[5.25,10.625,5.5,10.875],"texture":"#0"}}},{"from":[6.0,18.0,6.0],"to":[10.0,24.0,10.0],"faces":{"north":{"uv":[4.75,10.125,5.25,10.875],"texture":"#0"},"east":{"uv":[5.25,10.125,4.75,10.875],"texture":"#0"},"south":{"uv":[4.75,10.125,5.25,10.875],"texture":"#0"},"west":{"uv":[5.25,10.125,4.75,10.875],"texture":"#0"},"up":{"uv":[4.75,10.875,5.25,11.375],"texture":"#0"},"down":{"uv":[4.75,10.875,5.25,11.375],"texture":"#0"}}}],"display":{"thirdperson_righthand":{"rotation":[63.0,34.0,0.0],"translation":[0.0,1.0,1.0],"scale":[0.52539,0.52539,0.52539]},"thirdperson_lefthand":{"rotation":[63.0,34.0,0.0],"translation":[0.0,1.0,1.0],"scale":[0.52539,0.52539,0.52539]},"firstperson_righthand":{"rotation":[3.0,112.0,-13.0],"translation":[9.5,0.0,-5.75],"scale":[0.41992,0.41992,0.41992]},"firstperson_lefthand":{"rotation":[3.0,112.0,-13.0],"translation":[9.5,0.0,-5.75],"scale":[0.41992,0.41992,0.41992]},"ground":{"translation":[0.0,4.25,0.0],"scale":[0.21875,0.21875,0.21875]},"gui":{"rotation":[30.0,-158.0,0.0],"translation":[0.25,0.75,0.0],"scale":[0.33945,0.33945,0.33945]},"head":{"translation":[0.0,-5.0,0.0],"scale":[1.6,1.6,1.6]},"fixed":{"translation":[0.0,-3.25,-7.5]}}}